,Topic,time,text_language,job_type,external_url,phone_contact,delta_salary
1609,5.0,2021,en,F Construction,yes,yes,-13.5
1610,6.0,2021,en,F Construction,yes,yes,-10.827167630057804
1611,6.0,2021,en,F Construction,yes,yes,-12.7
1612,5.0,2021,en,F Construction,yes,yes,-13.2
1613,6.0,2021,en,H Transportation and storage,yes,yes,10.24
1614,5.0,2021,en,H Transportation and storage,yes,yes,11.73
1615,5.0,2020,en,"A Agriculture, forestry and fishing",yes,yes,-7.169999999999998
1616,6.0,2020,en,"A Agriculture, forestry and fishing",yes,yes,-6.619999999999999
1617,4.0,2020,pl,G Wholesale and retail trade,yes,yes,-9.66
1618,6.0,2020,pl,C Manufacturing,yes,yes,-14.59
1619,2.0,2020,en,"A Agriculture, forestry and fishing",yes,yes,39.28
1620,6.0,2020,en,"A Agriculture, forestry and fishing",yes,yes,-7.009999999999998
1621,6.0,2019,ro,C Manufacturing,yes,yes,-14.189999999999998
1622,6.0,2019,ro,C Manufacturing,no,yes,-12.689999999999998
1623,6.0,2019,ro,C Manufacturing,yes,yes,-12.689999999999998
1624,0.0,2019,ro,"A Agriculture, forestry and fishing",no,yes,-7.130000000000001
1625,4.0,2019,ro,"A Agriculture, forestry and fishing",no,yes,-6.359999999999999
1626,6.0,2019,ro,M Other specialised business services,no,yes,-18.48
1627,5.0,2019,pl,C Manufacturing,no,yes,-13.689999999999998
1628,4.0,2019,ro,"A Agriculture, forestry and fishing",no,yes,-6.359999999999999
1629,5.0,2019,en,"A Agriculture, forestry and fishing",no,yes,-6.359999999999999
1630,6.0,2019,en,"A Agriculture, forestry and fishing",no,yes,-7.25
1631,4.0,2019,en,G Wholesale and retail trade,no,yes,-9.57
1632,6.0,2019,en,"A Agriculture, forestry and fishing",no,yes,-7.25
1633,6.0,2019,ro,"A Agriculture, forestry and fishing",no,yes,-6.359999999999999
1634,6.0,2019,ro,"A Agriculture, forestry and fishing",no,yes,-7.25
1635,6.0,2019,ro,"A Agriculture, forestry and fishing",no,yes,-7.25
1636,6.0,2018,ro,C Manufacturing,no,yes,-13.0
1637,5.0,2018,pl,"A Agriculture, forestry and fishing",yes,yes,-6.23
1638,0.0,2021,pl,F Construction,yes,yes,28.3
1639,4.0,2021,pl,C Manufacturing,yes,yes,-12.3
1640,6.0,2021,pl,C Manufacturing,yes,yes,-12.42
1641,4.0,2021,pl,C Manufacturing,yes,yes,-14.4
1642,0.0,2021,pl,F Construction,yes,yes,-13.809999999999999
1643,0.0,2021,pl,C Manufacturing,yes,yes,-14.3
1644,7.0,2021,pl,C Manufacturing,yes,yes,-14.96
1645,6.0,2021,pl,F Construction,yes,yes,-11.26
1646,0.0,2021,pl,C Manufacturing,yes,yes,-10.05
1647,5.0,2021,pl,G Wholesale and retail trade,yes,yes,-4.620000000000001
1648,4.0,2021,pl,C Manufacturing,yes,yes,-11.940000000000001
1649,3.0,2021,pl,H Transportation and storage,yes,yes,10.79
1650,0.0,2021,pl,H Transportation and storage,yes,yes,13.0
1651,7.0,2021,pl,C Manufacturing,yes,yes,-11.32
1652,0.0,2021,pl,C Manufacturing,yes,yes,-13.930000000000001
1653,0.0,2021,pl,F Construction,yes,yes,-10.7
1654,0.0,2021,pl,F Construction,yes,yes,-12.069999999999999
1655,4.0,2021,pl,H Transportation and storage,yes,yes,44.0
1656,5.0,2021,pl,F Construction,yes,yes,-12.2
1657,5.0,2021,pl,C Manufacturing,yes,yes,-13.24
1658,0.0,2017,pl,"A Agriculture, forestry and fishing",yes,yes,-6.75
1659,5.0,2016,pl,G Wholesale and retail trade,yes,yes,14.57
1660,5.0,2016,pl,"A Agriculture, forestry and fishing",yes,yes,-6.76
1661,5.0,2015,pl,C Manufacturing,yes,yes,-13.000000000000002
1662,5.0,2021,pl,G Wholesale and retail trade,yes,yes,-9.63
1663,0.0,2021,pl,C Manufacturing,yes,yes,-13.66
1664,5.0,2021,pl,G Wholesale and retail trade,yes,yes,-4.870000000000001
1665,0.0,2021,pl,C Manufacturing,yes,yes,-9.9
1666,5.0,2021,pl,H Transportation and storage,yes,yes,10.5
1667,0.0,2021,pl,M Other specialised business services,yes,yes,-19.16
1668,0.0,2021,pl,C Manufacturing,yes,yes,-13.260000000000002
1669,0.0,2021,pl,M Other specialised business services,yes,yes,-19.560000000000002
1670,5.0,2021,pl,C Manufacturing,yes,yes,-14.55
1671,5.0,2021,pl,G Wholesale and retail trade,yes,yes,-9.370000000000001
1672,5.0,2021,pl,G Wholesale and retail trade,yes,yes,-8.870000000000001
1673,5.0,2021,pl,F Construction,yes,yes,-14.229999999999999
1674,0.0,2021,pl,C Manufacturing,yes,yes,-14.07
1675,5.0,2021,pl,C Manufacturing,yes,yes,-14.56
1676,5.0,2021,pl,C Manufacturing,yes,yes,-10.88
1677,7.0,2021,pl,H Transportation and storage,yes,yes,11.19
1678,6.0,2021,pl,H Transportation and storage,yes,yes,10.49
1679,5.0,2021,pl,F Construction,yes,yes,-11.479999999999999
1680,4.0,2021,pl,F Construction,yes,yes,-10.79
1681,3.0,2021,pl,C Manufacturing,yes,yes,-14.350000000000001
1682,5.0,2021,pl,C Manufacturing,yes,yes,-15.06
1683,4.0,2021,pl,C Manufacturing,yes,yes,-12.760000000000002
1684,5.0,2021,pl,G Wholesale and retail trade,yes,yes,-3.870000000000001
1685,4.0,2021,pl,G Wholesale and retail trade,yes,yes,-4.870000000000001
1686,0.0,2021,pl,M Other specialised business services,yes,yes,-17.020000000000003
1687,5.0,2021,pl,F Construction,yes,yes,-14.7
1688,5.0,2021,pl,G Wholesale and retail trade,yes,yes,-5.960000000000001
1689,0.0,2021,pl,C Manufacturing,yes,yes,-12.760000000000002
1690,5.0,2020,pl,C Manufacturing,yes,yes,-10.3
1691,0.0,2020,pl,C Manufacturing,yes,yes,-14.610000000000001
1692,5.0,2020,pl,H Transportation and storage,yes,yes,-12.360000000000001
1693,5.0,2020,pl,C Manufacturing,yes,yes,-14.92
1694,5.0,2020,pl,C Manufacturing,yes,yes,-10.3
1695,5.0,2020,pl,G Wholesale and retail trade,yes,yes,-9.290000000000001
1696,5.0,2020,en,C Manufacturing,yes,yes,-14.675
1697,5.0,2020,pl,H Transportation and storage,yes,yes,-11.540000000000001
1698,0.0,2020,pl,C Manufacturing,yes,yes,-11.3
1699,5.0,2020,pl,C Manufacturing,yes,yes,-13.9
1700,5.0,2020,pl,G Wholesale and retail trade,yes,yes,-8.96
1701,0.0,2020,pl,C Manufacturing,yes,yes,-13.9
1702,5.0,2020,pl,F Construction,yes,yes,-13.299999999999999
1703,0.0,2020,pl,C Manufacturing,yes,yes,-14.350000000000001
1704,4.0,2020,pl,M Other specialised business services,yes,yes,-16.96
1705,0.0,2020,pl,F Construction,yes,yes,-13.299999999999999
1706,2.0,2020,pl,C Manufacturing,yes,yes,-9.3
1707,5.0,2020,pl,G Wholesale and retail trade,yes,yes,-9.82
1708,5.0,2020,pl,F Construction,yes,yes,-13.299999999999999
1709,6.0,2020,pl,C Manufacturing,yes,yes,-15.25
1710,5.0,2020,pl,"A Agriculture, forestry and fishing",yes,yes,-7.669999999999998
1711,5.0,2020,pl,G Wholesale and retail trade,yes,yes,-9.82
1712,5.0,2020,pl,F Construction,yes,yes,-13.299999999999999
1713,5.0,2020,pl,F Construction,yes,yes,-14.649999999999999
1714,0.0,2020,pl,F Construction,yes,yes,-14.649999999999999
1715,5.0,2020,pl,F Construction,yes,yes,-13.299999999999999
1716,5.0,2020,pl,H Transportation and storage,yes,yes,-8.510000000000002
1717,0.0,2020,pl,C Manufacturing,yes,yes,-14.850000000000001
1718,4.0,2020,pl,H Transportation and storage,yes,yes,-8.940000000000001
1719,5.0,2020,pl,C Manufacturing,yes,yes,-13.9
1720,3.0,2020,pl,C Manufacturing,yes,yes,-14.92
1721,0.0,2020,pl,C Manufacturing,yes,yes,-14.770000000000001
1722,0.0,2019,pl,C Manufacturing,yes,yes,-13.979999999999999
1723,0.0,2019,pl,G Wholesale and retail trade,yes,yes,-6.890000000000001
1724,0.0,2019,pl,C Manufacturing,yes,yes,-10.399999999999999
1725,5.0,2019,pl,F Construction,yes,yes,-12.079999999999998
1726,7.0,2019,pl,C Manufacturing,yes,yes,-12.689999999999998
1727,2.0,2019,pl,C Manufacturing,yes,yes,-11.399999999999999
1728,1.0,2019,pl,F Construction,yes,yes,-12.079999999999998
1729,2.0,2019,pl,H Transportation and storage,yes,yes,-5.16
1730,4.0,2019,pl,F Construction,yes,yes,-12.079999999999998
1731,5.0,2019,pl,C Manufacturing,yes,yes,-13.399999999999999
1732,5.0,2019,pl,F Construction,yes,yes,-10.079999999999998
1733,5.0,2019,pl,C Manufacturing,yes,yes,-12.999999999999998
1734,5.0,2019,pl,H Transportation and storage,yes,yes,-10.16
1735,5.0,2019,pl,F Construction,yes,yes,-13.699999999999998
1736,5.0,2019,pl,C Manufacturing,yes,yes,-9.399999999999999
1737,0.0,2019,pl,H Transportation and storage,yes,yes,-6.16
1738,4.0,2019,pl,C Manufacturing,yes,yes,-13.979999999999999
1739,5.0,2019,pl,G Wholesale and retail trade,yes,yes,-7.390000000000001
1740,4.0,2019,pl,H Transportation and storage,yes,yes,-10.53
1741,0.0,2019,pl,C Manufacturing,yes,yes,-12.999999999999998
1742,5.0,2019,pl,C Manufacturing,yes,yes,-13.739999999999998
1743,7.0,2019,pl,"A Agriculture, forestry and fishing",yes,yes,-6.710000000000001
1744,5.0,2019,pl,C Manufacturing,yes,yes,-13.469999999999999
1745,5.0,2019,pl,M Other specialised business services,yes,yes,-18.700000000000003
1746,5.0,2019,pl,C Manufacturing,yes,yes,-11.939999999999998
1747,5.0,2019,pl,"A Agriculture, forestry and fishing",yes,yes,-6.5600000000000005
1748,0.0,2019,pl,F Construction,yes,yes,-12.429999999999998
1749,5.0,2019,pl,H Transportation and storage,yes,yes,11.84
1750,4.0,2019,pl,C Manufacturing,yes,yes,-12.689999999999998
1751,0.0,2019,pl,H Transportation and storage,yes,yes,-11.95
1752,3.0,2019,pl,F Construction,yes,yes,-11.749999999999998
1753,0.0,2019,pl,C Manufacturing,yes,yes,-12.62
1754,5.0,2019,pl,M Other specialised business services,yes,yes,4.809999999999999
1755,0.0,2019,pl,C Manufacturing,yes,yes,-13.87
1756,0.0,2019,pl,,yes,yes,10.79
1757,5.0,2019,pl,G Wholesale and retail trade,yes,yes,-4.390000000000001
1758,5.0,2019,pl,C Manufacturing,yes,yes,-6.399999999999999
1759,3.0,2019,pl,G Wholesale and retail trade,yes,yes,-7.76
1760,7.0,2019,pl,M Other specialised business services,yes,yes,-16.19
1761,0.0,2019,pl,C Manufacturing,yes,yes,-13.489999999999998
1762,0.0,2019,pl,C Manufacturing,yes,yes,-11.399999999999999
1763,4.0,2020,en,C Manufacturing,yes,yes,-12.67
1764,6.0,2020,en,C Manufacturing,yes,yes,-13.850000000000001
1765,6.0,2020,en,G Wholesale and retail trade,yes,yes,-8.370000000000001
1766,5.0,2020,nl,M Other specialised business services,yes,yes,-19.770000000000003
1767,6.0,2020,en,F Construction,yes,yes,-13.33
1768,6.0,2020,en,None,yes,yes,11.45
1769,5.0,2020,nl,G Wholesale and retail trade,yes,yes,-5.16
1770,6.0,2020,en,H Transportation and storage,yes,yes,-12.350000000000001
1771,4.0,2020,en,C Manufacturing,yes,yes,-12.67
1772,6.0,2020,en,H Transportation and storage,yes,yes,-12.350000000000001
1773,5.0,2020,en,C Manufacturing,yes,yes,-13.57
1774,6.0,2020,en,C Manufacturing,yes,yes,-10.790000000000001
1775,0.0,2020,en,H Transportation and storage,yes,yes,-8.05
1776,7.0,2020,en,H Transportation and storage,yes,yes,-12.660000000000002
1777,6.0,2020,en,H Transportation and storage,yes,yes,-13.13
1778,6.0,2020,en,F Construction,yes,yes,-12.2
1779,0.0,2020,en,None,yes,yes,9.72
1780,6.0,2020,en,H Transportation and storage,yes,yes,-12.3
1781,6.0,2020,en,C Manufacturing,yes,yes,-12.67
1782,6.0,2019,en,C Manufacturing,yes,yes,-9.399999999999999
1783,6.0,2019,en,C Manufacturing,yes,yes,-12.899999999999999
1784,0.0,2019,pl,H Transportation and storage,yes,yes,-12.43
1785,5.0,2019,en,C Manufacturing,yes,yes,-13.399999999999999
1786,6.0,2019,en,F Construction,yes,yes,-13.719999999999999
1787,0.0,2019,pl,C Manufacturing,yes,yes,-13.909999999999998
1788,0.0,2019,en,G Wholesale and retail trade,yes,yes,-7.890000000000001
1789,7.0,2019,en,C Manufacturing,yes,yes,-12.04
1790,6.0,2019,en,"A Agriculture, forestry and fishing",yes,yes,-4.57
1791,6.0,2019,en,C Manufacturing,yes,yes,-9.399999999999999
1792,6.0,2019,en,C Manufacturing,yes,yes,-14.04
1793,1.0,2019,en,C Manufacturing,yes,yes,-14.149999999999999
1794,6.0,2019,en,C Manufacturing,yes,yes,-12.04
1795,7.0,2019,en,C Manufacturing,yes,yes,-13.909999999999998
1796,7.0,2019,en,C Manufacturing,yes,yes,-13.11
1797,5.0,2019,en,F Construction,yes,yes,-13.829999999999998
1798,6.0,2019,en,C Manufacturing,yes,yes,-13.649999999999999
1799,0.0,2019,en,C Manufacturing,yes,yes,-13.11
1800,6.0,2019,en,None,yes,yes,11.13
1801,5.0,2019,en,C Manufacturing,yes,yes,-13.649999999999999
1802,6.0,2019,en,C Manufacturing,yes,yes,-13.669999999999998
1803,6.0,2019,en,"A Agriculture, forestry and fishing",yes,yes,-5.0600000000000005
1804,0.0,2019,en,H Transportation and storage,yes,yes,-9.66
1805,6.0,2019,en,C Manufacturing,yes,yes,-13.899999999999999
1806,5.0,2019,en,F Construction,yes,yes,-13.449999999999998
1807,0.0,2019,en,G Wholesale and retail trade,yes,yes,-9.200000000000001
1808,0.0,2019,pl,C Manufacturing,yes,yes,-14.209999999999999
1809,7.0,2019,nl,H Transportation and storage,yes,yes,-4.818959537572255
1810,3.0,2019,en,S Other service activities,yes,yes,-11.77
1811,6.0,2019,en,C Manufacturing,yes,yes,-10.599999999999998
1812,1.0,2019,nl,M Other specialised business services,yes,yes,-15.72
1813,6.0,2019,en,C Manufacturing,yes,yes,-13.649999999999999
1814,3.0,2019,en,C Manufacturing,yes,yes,-14.079999999999998
1815,6.0,2019,en,F Construction,yes,yes,-12.899999999999999
1816,6.0,2019,en,C Manufacturing,yes,yes,-12.04
1817,5.0,2019,en,C Manufacturing,yes,yes,-12.769999999999998
1818,6.0,2019,en,G Wholesale and retail trade,yes,yes,-7.890000000000001
1819,6.0,2019,en,C Manufacturing,yes,yes,-12.769999999999998
1820,6.0,2019,en,"A Agriculture, forestry and fishing",yes,yes,-6.75
1821,0.0,2019,en,C Manufacturing,yes,yes,-10.009999999999998
1822,6.0,2019,en,C Manufacturing,yes,yes,-12.04
1823,0.0,2019,en,G Wholesale and retail trade,yes,yes,-9.030000000000001
1824,0.0,2019,pl,H Transportation and storage,yes,yes,-12.8
1825,6.0,2019,en,C Manufacturing,yes,yes,-11.399999999999999
1826,6.0,2019,en,C Manufacturing,yes,yes,-12.04
1827,6.0,2019,en,C Manufacturing,yes,yes,-12.04
1828,6.0,2019,en,"A Agriculture, forestry and fishing",yes,yes,-7.07
1829,6.0,2019,en,F Construction,yes,yes,-12.899999999999999
1830,5.0,2019,en,H Transportation and storage,yes,yes,-9.85
1831,2.0,2019,en,None,yes,yes,10.32
1832,6.0,2019,en,C Manufacturing,yes,yes,-12.04
1833,5.0,2019,en,C Manufacturing,yes,yes,-10.45
1834,6.0,2019,en,H Transportation and storage,yes,yes,-10.66
1835,6.0,2019,en,C Manufacturing,yes,yes,-14.079999999999998
1836,6.0,2019,en,F Construction,yes,yes,-12.899999999999999
1837,6.0,2019,en,H Transportation and storage,yes,yes,-12.16
1838,0.0,2019,en,G Wholesale and retail trade,yes,yes,-8.100000000000001
1839,6.0,2019,en,H Transportation and storage,yes,yes,-12.16
1840,6.0,2019,en,C Manufacturing,yes,yes,-11.049999999999999
1841,5.0,2019,en,C Manufacturing,yes,yes,-12.04
1842,6.0,2018,en,C Manufacturing,yes,yes,-12.56
1843,6.0,2018,en,H Transportation and storage,yes,yes,-11.670000000000002
1844,6.0,2018,en,C Manufacturing,yes,yes,-11.9
1845,6.0,2018,en,C Manufacturing,yes,yes,-10.450000000000001
1846,5.0,2018,en,H Transportation and storage,yes,yes,-7.720000000000002
1847,6.0,2018,nl,G Wholesale and retail trade,yes,yes,-6.720000000000001
1848,6.0,2018,en,H Transportation and storage,yes,yes,-11.670000000000002
1849,6.0,2018,en,H Transportation and storage,yes,yes,-11.670000000000002
1850,6.0,2018,en,C Manufacturing,yes,yes,-13.3
1851,6.0,2018,en,C Manufacturing,yes,yes,-11.9
1852,6.0,2018,en,C Manufacturing,yes,yes,-11.9
1853,6.0,2018,en,H Transportation and storage,yes,yes,-9.360000000000001
1854,6.0,2018,en,H Transportation and storage,yes,yes,-8.320000000000002
1855,6.0,2018,en,G Wholesale and retail trade,yes,yes,-9.030000000000001
1856,6.0,2018,pl,C Manufacturing,yes,yes,-11.9
1857,5.0,2018,pl,G Wholesale and retail trade,yes,yes,-6.720000000000001
1858,4.0,2018,en,C Manufacturing,yes,yes,-11.9
1859,6.0,2018,pl,C Manufacturing,yes,yes,-14.21
1860,5.0,2017,pl,F Construction,yes,yes,-12.490000000000002
1861,0.0,2021,en,H Transportation and storage,no,yes,12.01
1862,0.0,2021,en,H Transportation and storage,no,yes,11.57
1863,0.0,2021,pl,M Other specialised business services,no,yes,-17.46
1864,0.0,2021,pl,F Construction,no,yes,-12.379999999999999
1865,0.0,2021,pl,C Manufacturing,no,yes,-14.3
1866,0.0,2021,en,H Transportation and storage,no,yes,12.0
1867,0.0,2021,pl,C Manufacturing,no,yes,-14.3
1868,0.0,2021,pl,H Transportation and storage,no,yes,15.0
1869,0.0,2021,pl,H Transportation and storage,no,yes,12.0
1870,7.0,2021,pl,C Manufacturing,yes,yes,-15.48
1871,3.0,2021,pl,None,no,yes,12.47
1872,0.0,2021,en,None,no,yes,12.69
1873,0.0,2021,pl,C Manufacturing,no,yes,-14.3
1874,5.0,2021,en,None,no,yes,15.0
1875,0.0,2021,pl,F Construction,no,yes,-13.5
1876,5.0,2021,pl,None,no,yes,15.0
1877,0.0,2021,en,C Manufacturing,no,yes,-13.34
1878,0.0,2021,en,H Transportation and storage,no,yes,15.17
1879,3.0,2021,en,None,no,yes,35.0
1880,4.0,2021,nl,C Manufacturing,no,yes,-14.3
1881,0.0,2021,en,"A Agriculture, forestry and fishing",no,yes,-3.0799999999999983
1882,0.0,2021,pl,None,no,yes,12.47
1883,3.0,2021,en,G Wholesale and retail trade,no,yes,-8.620000000000001
1884,0.0,2021,pl,C Manufacturing,no,yes,-13.3
1885,0.0,2021,pl,C Manufacturing,no,yes,-14.3
1886,3.0,2021,pl,G Wholesale and retail trade,no,yes,-8.620000000000001
1887,0.0,2021,pl,C Manufacturing,no,yes,-14.05
1888,0.0,2021,pl,H Transportation and storage,no,yes,15.0
1889,3.0,2021,pl,M Other specialised business services,no,yes,-17.46
1890,5.0,2021,pl,G Wholesale and retail trade,no,yes,-5.49
1891,0.0,2021,pl,H Transportation and storage,no,yes,12.33
1892,7.0,2021,nl,C Manufacturing,no,yes,-9.3
1893,1.0,2021,nl,"A Agriculture, forestry and fishing",yes,yes,-2.719999999999999
1894,0.0,2021,pl,C Manufacturing,no,yes,-14.3
1895,4.0,2021,en,C Manufacturing,no,yes,-14.520000000000001
1896,0.0,2021,pl,C Manufacturing,no,yes,-14.520000000000001
1897,0.0,2021,pl,C Manufacturing,no,yes,-12.270000000000001
1898,0.0,2021,pl,H Transportation and storage,no,yes,11.75
1899,0.0,2021,pl,C Manufacturing,no,yes,-11.5
1900,0.0,2021,pl,M Other specialised business services,no,yes,-18.26
1901,0.0,2021,pl,H Transportation and storage,no,yes,11.53
1902,0.0,2021,pl,H Transportation and storage,no,yes,11.53
1903,0.0,2021,en,H Transportation and storage,no,yes,13.58
1904,0.0,2021,pl,C Manufacturing,no,yes,9.7
1905,0.0,2021,en,C Manufacturing,yes,yes,-11.3
1906,0.0,2021,en,C Manufacturing,yes,yes,-11.860000000000001
1907,0.0,2021,pl,C Manufacturing,no,yes,-14.3
1908,6.0,2021,pl,"A Agriculture, forestry and fishing",no,yes,-6.719999999999999
1909,0.0,2021,pl,C Manufacturing,no,yes,-14.350000000000001
1910,0.0,2021,pl,M Other specialised business services,no,yes,-18.26
1911,0.0,2021,en,C Manufacturing,no,yes,-13.17
1912,0.0,2021,en,C Manufacturing,no,yes,-14.930000000000001
1913,7.0,2021,nl,H Transportation and storage,no,yes,35.0
1914,0.0,2021,nl,C Manufacturing,no,yes,9.7
1915,0.0,2021,pl,G Wholesale and retail trade,no,yes,-8.340000000000002
1916,4.0,2021,nl,C Manufacturing,no,yes,27.7
1917,0.0,2021,pl,C Manufacturing,no,yes,-12.3
1918,1.0,2021,nl,F Construction,no,yes,-10.7
1919,0.0,2021,pl,C Manufacturing,no,yes,-12.67
1920,7.0,2021,en,G Wholesale and retail trade,yes,yes,24.13
1921,4.0,2021,pl,C Manufacturing,yes,yes,-13.200000000000001
1922,7.0,2021,pl,C Manufacturing,no,yes,-13.3
1923,0.0,2021,en,G Wholesale and retail trade,no,yes,-7.870000000000001
1924,3.0,2021,pl,H Transportation and storage,no,yes,12.0
1925,0.0,2021,pl,C Manufacturing,no,yes,-12.270000000000001
1926,0.0,2021,pl,C Manufacturing,yes,yes,-9.3
1927,0.0,2021,pl,G Wholesale and retail trade,no,yes,-8.340000000000002
1928,0.0,2021,en,C Manufacturing,no,yes,-12.3
1929,3.0,2021,en,C Manufacturing,no,yes,-13.9
1930,6.0,2021,nl,"A Agriculture, forestry and fishing",no,yes,-6.719999999999999
1931,0.0,2021,en,None,no,yes,12.88
1932,0.0,2021,pl,C Manufacturing,no,yes,-13.15
1933,0.0,2021,pl,C Manufacturing,no,yes,-8.3
1934,0.0,2021,pl,,no,yes,12.88
1935,0.0,2021,pl,C Manufacturing,no,yes,-14.49
1936,0.0,2021,en,C Manufacturing,no,yes,-12.3
1937,0.0,2021,pl,C Manufacturing,no,yes,9.7
1938,0.0,2021,pl,G Wholesale and retail trade,no,yes,-8.620000000000001
1939,0.0,2021,nl,C Manufacturing,no,yes,-11.860000000000001
1940,4.0,2021,en,H Transportation and storage,no,yes,10.81
1941,4.0,2021,nl,M Other specialised business services,no,yes,-16.520000000000003
1942,4.0,2021,en,C Manufacturing,yes,yes,-9.64
1943,1.0,2021,en,C Manufacturing,no,yes,-11.9
1944,0.0,2021,pl,H Transportation and storage,no,yes,10.825
1945,6.0,2021,en,G Wholesale and retail trade,no,yes,-8.340000000000002
1946,7.0,2021,pl,C Manufacturing,no,yes,-14.3
1947,0.0,2021,pl,C Manufacturing,yes,yes,-11.3
1948,1.0,2021,en,C Manufacturing,no,yes,-13.700000000000001
1949,0.0,2021,en,G Wholesale and retail trade,no,yes,-8.340000000000002
1950,0.0,2021,pl,H Transportation and storage,no,yes,10.78
1951,0.0,2021,en,C Manufacturing,no,yes,-13.3
1952,4.0,2021,en,C Manufacturing,no,yes,-14.3
1953,4.0,2021,pl,C Manufacturing,no,yes,-14.520000000000001
1954,4.0,2021,pl,H Transportation and storage,no,yes,10.38
1955,0.0,2021,pl,C Manufacturing,no,yes,-14.42
1956,0.0,2021,nl,F Construction,no,yes,-12.059999999999999
1957,3.0,2021,nl,None,no,yes,13.14
1958,0.0,2021,pl,C Manufacturing,no,yes,-14.690000000000001
1959,0.0,2021,pl,C Manufacturing,no,yes,-12.3
1960,0.0,2021,pl,H Transportation and storage,no,yes,11.51
1961,0.0,2021,pl,C Manufacturing,no,yes,-14.3
1962,4.0,2021,en,C Manufacturing,no,yes,-14.05
1963,1.0,2021,pl,H Transportation and storage,no,yes,11.0
1964,0.0,2021,pl,H Transportation and storage,no,yes,11.51
1965,0.0,2021,pl,F Construction,no,yes,-13.7
1966,0.0,2021,pl,H Transportation and storage,no,yes,10.38
1967,1.0,2021,nl,H Transportation and storage,no,yes,13.18
1968,7.0,2021,nl,G Wholesale and retail trade,no,yes,24.13
1969,5.0,2021,nl,G Wholesale and retail trade,no,yes,-7.840000000000002
1970,0.0,2021,nl,C Manufacturing,no,yes,-13.59
1971,0.0,2021,nl,F Construction,yes,yes,-12.85
1972,7.0,2021,nl,G Wholesale and retail trade,yes,yes,24.13
1973,0.0,2021,pl,C Manufacturing,no,yes,-14.32
1974,4.0,2021,nl,F Construction,yes,yes,-10.45
1975,7.0,2021,nl,F Construction,no,yes,10.3
1976,0.0,2021,pl,None,no,yes,11.36
1977,6.0,2021,pl,G Wholesale and retail trade,no,yes,15.129999999999999
1978,3.0,2021,nl,None,no,yes,53.0
1979,0.0,2021,nl,None,no,yes,10.0
1980,4.0,2021,nl,H Transportation and storage,no,yes,12.0
1981,1.0,2021,en,C Manufacturing,yes,yes,-14.38
1982,4.0,2021,nl,H Transportation and storage,no,yes,15.0
1983,0.0,2021,pl,H Transportation and storage,no,yes,11.23
1984,0.0,2021,en,F Construction,no,yes,-12.33
1985,0.0,2021,pl,F Construction,no,yes,-13.2
1986,0.0,2021,en,F Construction,no,yes,-11.7
1987,0.0,2021,pl,F Construction,no,yes,-13.7
1988,0.0,2021,pl,C Manufacturing,no,yes,-16.8
1989,5.0,2021,nl,C Manufacturing,no,yes,-13.8
1990,5.0,2021,en,H Transportation and storage,no,yes,12.0
1991,0.0,2021,en,G Wholesale and retail trade,no,yes,-9.870000000000001
1992,0.0,2021,pl,H Transportation and storage,no,yes,11.23
1993,0.0,2021,pl,C Manufacturing,no,yes,-11.3
1994,0.0,2021,pl,None,yes,yes,35.0
1995,1.0,2021,en,G Wholesale and retail trade,no,yes,-6.99
1996,6.0,2021,pl,G Wholesale and retail trade,no,yes,-7.720000000000001
1997,3.0,2021,pl,G Wholesale and retail trade,no,yes,-7.870000000000001
1998,0.0,2021,pl,H Transportation and storage,no,yes,11.51
1999,0.0,2021,pl,C Manufacturing,no,yes,-14.690000000000001
2000,4.0,2021,nl,G Wholesale and retail trade,no,yes,-7.140000000000001
2001,4.0,2021,nl,C Manufacturing,no,yes,-13.41
2002,7.0,2021,nl,C Manufacturing,no,yes,-13.3
2003,0.0,2021,pl,None,no,yes,11.01
2004,7.0,2021,en,H Transportation and storage,no,yes,16.0
2005,0.0,2021,nl,H Transportation and storage,no,yes,12.0
2006,0.0,2021,pl,H Transportation and storage,no,yes,11.5
2007,0.0,2021,pl,C Manufacturing,no,yes,-14.690000000000001
2008,0.0,2021,pl,H Transportation and storage,no,yes,11.5
2009,0.0,2021,pl,C Manufacturing,no,yes,-13.020000000000001
2010,0.0,2021,pl,C Manufacturing,no,yes,-14.290000000000001
2011,6.0,2021,nl,H Transportation and storage,no,yes,16.0
2012,0.0,2021,pl,G Wholesale and retail trade,no,yes,-8.770000000000001
2013,0.0,2021,pl,M Other specialised business services,no,yes,-18.46
2014,0.0,2021,pl,H Transportation and storage,no,yes,11.51
2015,5.0,2021,en,C Manufacturing,no,yes,-12.8
2016,0.0,2021,nl,G Wholesale and retail trade,no,yes,-7.370000000000001
2017,1.0,2021,en,G Wholesale and retail trade,no,yes,-6.99
2018,0.0,2021,en,G Wholesale and retail trade,no,yes,-6.870000000000001
2019,0.0,2021,en,None,no,yes,11.01
2020,0.0,2021,en,C Manufacturing,no,yes,-14.690000000000001
2021,3.0,2021,pl,C Manufacturing,no,yes,-14.0
2022,4.0,2021,nl,G Wholesale and retail trade,no,yes,-7.370000000000001
2023,0.0,2021,pl,F Construction,no,yes,2.3000000000000007
2024,0.0,2021,pl,H Transportation and storage,no,yes,10.61
2025,7.0,2021,pl,C Manufacturing,no,yes,-11.99
2026,0.0,2021,pl,None,no,yes,11.01
2027,0.0,2021,pl,C Manufacturing,no,yes,-14.930000000000001
2028,4.0,2021,nl,G Wholesale and retail trade,no,yes,-7.370000000000001
2029,0.0,2021,pl,None,no,yes,13.92
2030,0.0,2021,pl,C Manufacturing,no,yes,-13.3
2031,4.0,2021,nl,H Transportation and storage,no,yes,12.0
2032,4.0,2021,nl,None,no,yes,12.76
2033,0.0,2021,en,H Transportation and storage,no,yes,10.6
2034,4.0,2021,af,C Manufacturing,no,yes,-13.3
2035,0.0,2021,pl,G Wholesale and retail trade,no,yes,-1.870000000000001
2036,5.0,2021,nl,F Construction,no,yes,-12.2
2037,0.0,2021,pl,C Manufacturing,no,yes,-13.3
2038,0.0,2021,pl,C Manufacturing,no,yes,-12.8
2039,0.0,2021,pl,M Other specialised business services,no,yes,-19.46
2040,4.0,2021,af,None,no,yes,11.0
2041,5.0,2021,nl,C Manufacturing,no,yes,-12.620000000000001
2042,4.0,2021,af,None,no,yes,11.0
2043,0.0,2021,pl,G Wholesale and retail trade,no,yes,-1.870000000000001
2044,6.0,2021,nl,F Construction,no,yes,-5.710000000000001
2045,0.0,2021,pl,C Manufacturing,no,yes,-14.8
2046,4.0,2021,nl,F Construction,no,yes,-11.405202312138726
2047,0.0,2021,pl,H Transportation and storage,no,yes,12.0
2048,0.0,2021,pl,C Manufacturing,no,yes,-13.3
2049,0.0,2021,pl,C Manufacturing,no,yes,-14.3
2050,1.0,2021,en,H Transportation and storage,no,yes,11.1
2051,4.0,2021,af,None,no,yes,11.0
2052,6.0,2021,nl,C Manufacturing,no,yes,-14.3
2053,0.0,2021,pl,H Transportation and storage,no,yes,13.0
2054,4.0,2021,pl,C Manufacturing,no,yes,-11.16
2055,0.0,2021,pl,G Wholesale and retail trade,no,yes,-4.98
2056,0.0,2021,nl,F Construction,no,yes,-13.5
2057,0.0,2021,pl,G Wholesale and retail trade,no,yes,-4.98
2058,7.0,2021,pl,C Manufacturing,no,yes,-12.8
2059,0.0,2021,pl,F Construction,no,yes,-13.5
2060,0.0,2021,pl,H Transportation and storage,no,yes,10.4
2061,0.0,2021,pl,F Construction,no,yes,-12.059999999999999
2062,0.0,2021,pl,H Transportation and storage,no,yes,15.6
2063,7.0,2021,en,C Manufacturing,no,yes,-14.3
2064,0.0,2021,pl,C Manufacturing,no,yes,-13.91
2065,0.0,2021,pl,G Wholesale and retail trade,no,yes,-8.370000000000001
2066,0.0,2021,pl,G Wholesale and retail trade,no,yes,-7.870000000000001
2067,0.0,2021,pl,C Manufacturing,no,yes,-12.8
2068,0.0,2021,pl,H Transportation and storage,no,yes,12.22
2069,0.0,2021,pl,C Manufacturing,no,yes,-14.690000000000001
2070,0.0,2021,pl,,no,yes,11.0
2071,0.0,2020,pl,C Manufacturing,no,yes,-14.690000000000001
2072,6.0,2020,pl,"A Agriculture, forestry and fishing",no,yes,-7.629999999999999
2073,5.0,2020,nl,G Wholesale and retail trade,no,yes,-6.870000000000001
2074,0.0,2020,pl,G Wholesale and retail trade,no,yes,-6.870000000000001
2075,6.0,2020,nl,C Manufacturing,no,yes,-5.300000000000001
2076,5.0,2020,en,C Manufacturing,no,yes,-10.3
2077,0.0,2020,en,None,no,yes,13.18
2078,7.0,2020,nl,C Manufacturing,no,yes,-15.3
2079,0.0,2020,pl,G Wholesale and retail trade,no,yes,-7.370000000000001
2080,0.0,2020,pl,F Construction,no,yes,-13.7
2081,0.0,2020,en,G Wholesale and retail trade,no,yes,-8.830000000000002
2082,0.0,2020,pl,C Manufacturing,no,yes,-12.120000000000001
2083,0.0,2020,pl,H Transportation and storage,no,yes,-11.810000000000002
2084,0.0,2020,en,G Wholesale and retail trade,no,yes,-5.870000000000001
2085,0.0,2020,pl,G Wholesale and retail trade,no,yes,-5.870000000000001
2086,0.0,2020,pl,C Manufacturing,no,yes,-12.88
2087,5.0,2020,en,C Manufacturing,no,yes,-12.88
2088,0.0,2020,pl,C Manufacturing,no,yes,-13.3
2089,0.0,2020,pl,F Construction,no,yes,-10.7
2090,0.0,2020,en,H Transportation and storage,no,yes,-10.850000000000001
2091,0.0,2020,pl,C Manufacturing,no,yes,-12.620000000000001
2092,0.0,2020,pl,H Transportation and storage,no,yes,-12.350000000000001
2093,0.0,2020,en,H Transportation and storage,no,yes,-12.350000000000001
2094,0.0,2020,en,C Manufacturing,no,yes,-14.3
2095,4.0,2020,en,C Manufacturing,no,yes,-11.16
2096,0.0,2020,en,G Wholesale and retail trade,no,yes,-5.870000000000001
2097,0.0,2020,pl,C Manufacturing,no,yes,-13.120000000000001
2098,0.0,2020,pl,H Transportation and storage,no,yes,-11.250000000000002
2099,0.0,2020,pl,G Wholesale and retail trade,no,yes,-8.830000000000002
2100,0.0,2020,pl,G Wholesale and retail trade,no,yes,-8.870000000000001
2101,0.0,2020,pl,F Construction,no,yes,-12.2
2102,0.0,2020,pl,C Manufacturing,no,yes,-13.120000000000001
2103,0.0,2020,pl,H Transportation and storage,no,yes,-10.670000000000002
2104,0.0,2020,pl,H Transportation and storage,no,yes,-12.480000000000002
2105,0.0,2020,pl,C Manufacturing,no,yes,-13.120000000000001
2106,0.0,2020,pl,G Wholesale and retail trade,no,yes,-8.770000000000001
2107,0.0,2020,pl,G Wholesale and retail trade,no,yes,-5.870000000000001
2108,0.0,2020,pl,G Wholesale and retail trade,no,yes,-5.870000000000001
2109,0.0,2020,pl,C Manufacturing,no,yes,-14.3
2110,0.0,2020,pl,C Manufacturing,no,yes,-12.3
2111,0.0,2020,pl,H Transportation and storage,no,yes,-11.250000000000002
2112,3.0,2020,pl,C Manufacturing,no,yes,-15.3
2113,3.0,2020,pl,H Transportation and storage,no,yes,-12.240000000000002
2114,3.0,2020,pl,C Manufacturing,no,yes,-15.3
2115,0.0,2020,pl,None,no,yes,11.5
2116,3.0,2020,pl,C Manufacturing,no,yes,-15.3
2117,0.0,2020,pl,G Wholesale and retail trade,no,yes,-7.520000000000001
2118,4.0,2020,pl,C Manufacturing,no,yes,-11.16
2119,0.0,2020,pl,F Construction,no,yes,-13.2
2120,0.0,2020,pl,H Transportation and storage,no,yes,-12.240000000000002
2121,0.0,2020,pl,F Construction,no,yes,-13.85
2122,0.0,2020,pl,H Transportation and storage,no,yes,-12.480000000000002
2123,0.0,2020,pl,None,no,yes,15.0
2124,0.0,2020,pl,F Construction,no,yes,-13.54
2125,0.0,2020,pl,G Wholesale and retail trade,no,yes,-7.520000000000001
2126,0.0,2020,pl,G Wholesale and retail trade,no,yes,-8.870000000000001
2127,0.0,2020,pl,C Manufacturing,no,yes,-12.88
2128,0.0,2020,pl,H Transportation and storage,no,yes,-10.430000000000001
2129,0.0,2020,pl,F Construction,no,yes,-9.7
2130,0.0,2020,pl,C Manufacturing,no,yes,-12.3
2131,0.0,2020,pl,F Construction,no,yes,-13.54
2132,0.0,2020,pl,C Manufacturing,no,yes,-14.14
2133,0.0,2020,pl,F Construction,no,yes,-12.35
2134,0.0,2020,pl,H Transportation and storage,no,yes,-11.850000000000001
2135,0.0,2020,pl,C Manufacturing,no,yes,-15.600000000000001
2136,0.0,2020,pl,G Wholesale and retail trade,no,yes,-7.520000000000001
2137,0.0,2020,pl,F Construction,no,yes,-13.54
2138,0.0,2020,pl,F Construction,no,yes,-14.03
2139,0.0,2020,pl,H Transportation and storage,no,yes,-11.250000000000002
2140,3.0,2020,pl,G Wholesale and retail trade,no,yes,-7.300000000000001
2141,0.0,2020,pl,None,no,yes,13.0
2142,0.0,2020,pl,G Wholesale and retail trade,no,yes,-8.770000000000001
2143,0.0,2020,pl,C Manufacturing,no,yes,-14.530000000000001
2144,0.0,2020,pl,F Construction,no,yes,-11.7
2145,0.0,2020,pl,H Transportation and storage,no,yes,-11.850000000000001
2146,0.0,2020,pl,G Wholesale and retail trade,no,yes,-8.770000000000001
2147,0.0,2020,pl,C Manufacturing,no,yes,-14.3
2148,0.0,2020,pl,G Wholesale and retail trade,no,yes,-5.870000000000001
2149,0.0,2020,pl,F Construction,no,yes,-12.2
2150,0.0,2020,pl,G Wholesale and retail trade,no,yes,-8.830000000000002
2151,0.0,2020,pl,C Manufacturing,no,yes,-13.91
2152,0.0,2020,pl,C Manufacturing,no,yes,-14.3
2153,7.0,2020,pl,C Manufacturing,no,yes,-11.860000000000001
2154,0.0,2020,pl,C Manufacturing,no,yes,-14.3
2155,0.0,2020,pl,C Manufacturing,no,yes,31.7
2156,0.0,2020,pl,C Manufacturing,no,yes,-14.3
2157,0.0,2020,pl,C Manufacturing,no,yes,-14.8
2158,0.0,2020,pl,None,no,yes,11.01
2159,0.0,2020,pl,F Construction,no,yes,-11.7
2160,0.0,2020,pl,C Manufacturing,no,yes,-11.8
2161,0.0,2020,pl,C Manufacturing,no,yes,-14.0
2162,0.0,2020,pl,C Manufacturing,no,yes,-14.0
2163,0.0,2020,pl,None,no,yes,12.0
2164,3.0,2020,pl,C Manufacturing,no,yes,-14.690000000000001
2165,0.0,2020,pl,H Transportation and storage,no,yes,-10.850000000000001
2166,0.0,2020,pl,C Manufacturing,no,yes,-14.8
2167,4.0,2020,pl,H Transportation and storage,no,yes,-12.240000000000002
2168,3.0,2020,pl,C Manufacturing,no,yes,-14.0
2169,0.0,2020,pl,M Other specialised business services,no,yes,-12.96
2170,0.0,2020,pl,M Other specialised business services,no,yes,-15.46
2171,0.0,2020,pl,None,no,yes,11.3
2172,3.0,2020,pl,C Manufacturing,no,yes,-14.0
2173,0.0,2020,pl,C Manufacturing,no,yes,-13.020000000000001
2174,0.0,2020,pl,F Construction,no,yes,-12.7
2175,3.0,2020,pl,C Manufacturing,no,yes,-14.0
2176,0.0,2020,pl,C Manufacturing,no,yes,-14.3
2177,0.0,2020,pl,H Transportation and storage,no,yes,-11.850000000000001
2178,0.0,2020,pl,G Wholesale and retail trade,no,yes,-8.57
2179,0.0,2020,pl,H Transportation and storage,no,yes,-11.250000000000002
2180,0.0,2020,pl,G Wholesale and retail trade,no,yes,-7.520000000000001
2181,0.0,2020,pl,F Construction,no,yes,-13.2
2182,0.0,2020,pl,C Manufacturing,no,yes,-14.3
2183,3.0,2020,pl,C Manufacturing,no,yes,-14.0
2184,0.0,2020,pl,H Transportation and storage,no,yes,-11.850000000000001
2185,0.0,2020,pl,M Other specialised business services,no,yes,-19.020000000000003
2186,5.0,2020,pl,F Construction,no,yes,-13.2
2187,0.0,2020,pl,G Wholesale and retail trade,no,yes,-8.580000000000002
2188,0.0,2020,pl,F Construction,no,yes,-13.43
2189,0.0,2020,pl,M Other specialised business services,no,yes,-15.46
2190,0.0,2020,pl,C Manufacturing,no,yes,31.7
2191,0.0,2020,pl,C Manufacturing,no,yes,31.7
2192,0.0,2020,pl,F Construction,no,yes,-12.28
2193,0.0,2020,pl,H Transportation and storage,no,yes,-11.850000000000001
2194,0.0,2020,pl,C Manufacturing,no,yes,-12.88
2195,0.0,2020,pl,C Manufacturing,no,yes,-14.690000000000001
2196,0.0,2020,pl,C Manufacturing,no,yes,-13.700000000000001
2197,0.0,2020,pl,C Manufacturing,no,yes,31.7
2198,0.0,2020,pl,C Manufacturing,no,yes,-14.8
2199,3.0,2020,pl,C Manufacturing,no,yes,-14.0
2200,0.0,2020,pl,,no,yes,14.0
2201,0.0,2020,pl,C Manufacturing,no,yes,-14.3
2202,0.0,2020,pl,F Construction,no,yes,-12.2
2203,0.0,2020,pl,H Transportation and storage,no,yes,-11.850000000000001
2204,0.0,2020,pl,C Manufacturing,no,yes,-13.8
2205,0.0,2020,pl,G Wholesale and retail trade,no,yes,-8.870000000000001
2206,0.0,2020,pl,C Manufacturing,no,yes,-14.3
2207,0.0,2020,pl,C Manufacturing,no,yes,-12.88
2208,0.0,2020,pl,H Transportation and storage,no,yes,-8.850000000000001
2209,0.0,2020,pl,C Manufacturing,no,yes,-14.3
2210,1.0,2020,pl,H Transportation and storage,no,yes,-9.97
2211,0.0,2020,pl,F Construction,no,yes,-12.7
2212,0.0,2020,pl,C Manufacturing,no,yes,-11.860000000000001
2213,0.0,2020,pl,F Construction,no,yes,4.300000000000001
2214,0.0,2020,pl,F Construction,no,yes,-11.61
2215,0.0,2020,pl,C Manufacturing,no,yes,-14.3
2216,4.0,2020,pl,H Transportation and storage,no,yes,-12.350000000000001
2217,0.0,2020,pl,C Manufacturing,no,yes,-13.8
2218,5.0,2020,pl,M Other specialised business services,no,yes,-15.46
2219,0.0,2020,pl,C Manufacturing,no,yes,-12.3
2220,0.0,2020,pl,None,no,yes,14.0
2221,0.0,2020,pl,C Manufacturing,no,yes,-12.8
2222,0.0,2020,pl,C Manufacturing,no,yes,-12.8
2223,0.0,2020,nl,M Other specialised business services,no,yes,-15.46
2224,0.0,2020,pl,M Other specialised business services,no,yes,-15.46
2225,0.0,2020,pl,C Manufacturing,no,yes,-12.8
2226,0.0,2020,pl,F Construction,no,yes,-12.7
2227,0.0,2020,pl,C Manufacturing,no,yes,-12.3
2228,0.0,2020,pl,F Construction,no,yes,-11.61
2229,7.0,2020,pl,C Manufacturing,no,yes,-14.3
2230,0.0,2020,pl,H Transportation and storage,no,yes,-13.060000000000002
2231,3.0,2020,pl,C Manufacturing,no,yes,-14.0
2232,0.0,2020,pl,M Other specialised business services,no,yes,-15.46
2233,0.0,2020,pl,G Wholesale and retail trade,no,yes,-8.870000000000001
2234,0.0,2020,pl,C Manufacturing,no,yes,-14.3
2235,0.0,2020,en,C Manufacturing,no,yes,-13.3
2236,6.0,2020,nl,H Transportation and storage,no,yes,-9.97
2237,0.0,2020,pl,C Manufacturing,no,yes,-13.3
2238,0.0,2020,nl,C Manufacturing,no,yes,-14.450000000000001
2239,0.0,2020,pl,"A Agriculture, forestry and fishing",no,yes,-6.119999999999999
2240,0.0,2020,pl,G Wholesale and retail trade,no,yes,-5.370000000000001
2241,0.0,2020,pl,G Wholesale and retail trade,no,yes,-6.870000000000001
2242,3.0,2020,pl,C Manufacturing,no,yes,-14.8
2243,0.0,2020,pl,H Transportation and storage,no,yes,-13.350000000000001
2244,0.0,2020,pl,C Manufacturing,no,yes,-13.700000000000001
2245,0.0,2020,pl,F Construction,no,yes,-11.7
2246,0.0,2020,pl,G Wholesale and retail trade,no,yes,-5.850000000000001
2247,7.0,2020,pl,F Construction,no,yes,-13.11
2248,0.0,2020,pl,C Manufacturing,no,yes,-12.3
2249,0.0,2020,pl,F Construction,no,yes,-12.16
2250,0.0,2020,pl,C Manufacturing,no,yes,-14.3
2251,0.0,2020,pl,G Wholesale and retail trade,no,yes,-8.370000000000001
2252,0.0,2020,pl,C Manufacturing,no,yes,-15.510000000000002
2253,0.0,2020,pl,F Construction,no,yes,-9.7
2254,0.0,2020,pl,H Transportation and storage,no,yes,-13.310000000000002
2255,0.0,2020,pl,M Other specialised business services,no,yes,-19.020000000000003
2256,0.0,2020,pl,"A Agriculture, forestry and fishing",no,yes,-6.419999999999998
2257,0.0,2020,pl,C Manufacturing,no,yes,-15.510000000000002
2258,0.0,2020,pl,C Manufacturing,no,yes,-13.3
2259,0.0,2020,pl,"A Agriculture, forestry and fishing",no,yes,-6.419999999999998
2260,0.0,2020,pl,None,no,yes,12.0
2261,0.0,2020,pl,C Manufacturing,no,yes,-9.8
2262,0.0,2020,pl,None,no,yes,57.0
2263,0.0,2020,pl,None,no,yes,14.5
2264,0.0,2020,pl,M Other specialised business services,no,yes,-19.020000000000003
2265,0.0,2020,pl,H Transportation and storage,no,yes,-11.850000000000001
2266,0.0,2020,pl,F Construction,no,yes,-11.7
2267,6.0,2020,nl,F Construction,no,yes,-12.7
2268,0.0,2020,pl,None,yes,yes,11.6
2269,0.0,2020,pl,M Other specialised business services,no,yes,-16.96
2270,0.0,2020,pl,G Wholesale and retail trade,yes,yes,-9.370000000000001
2271,0.0,2020,pl,M Other specialised business services,no,yes,-16.96
2272,0.0,2020,pl,None,no,yes,11.6
2273,4.0,2020,pl,"A Agriculture, forestry and fishing",yes,yes,-6.729999999999999
2274,0.0,2020,pl,G Wholesale and retail trade,yes,yes,-5.870000000000001
2275,0.0,2020,pl,M Other specialised business services,no,yes,-19.020000000000003
2276,0.0,2020,pl,M Other specialised business services,yes,yes,-19.020000000000003
2277,0.0,2020,pl,G Wholesale and retail trade,yes,yes,-5.870000000000001
2278,6.0,2020,pl,F Construction,no,yes,-9.7
2279,0.0,2020,pl,None,no,yes,15.0
2280,4.0,2020,pl,"A Agriculture, forestry and fishing",yes,yes,-6.729999999999999
2281,0.0,2020,pl,None,yes,yes,12.0
2282,0.0,2020,pl,F Construction,yes,yes,-12.35
2283,0.0,2020,pl,C Manufacturing,yes,yes,-14.31
2284,0.0,2020,pl,G Wholesale and retail trade,yes,yes,-5.870000000000001
2285,0.0,2020,pl,M Other specialised business services,yes,yes,-19.020000000000003
2286,0.0,2020,pl,C Manufacturing,no,yes,-15.3
2287,0.0,2020,pl,None,no,yes,11.6
2288,0.0,2020,pl,C Manufacturing,no,yes,-12.8
2289,0.0,2020,pl,C Manufacturing,no,yes,-15.3
2290,0.0,2020,pl,G Wholesale and retail trade,yes,yes,-7.870000000000001
2291,0.0,2020,pl,"A Agriculture, forestry and fishing",no,yes,-6.119999999999999
2292,0.0,2020,pl,C Manufacturing,no,yes,-14.4
2293,0.0,2020,pl,M Other specialised business services,yes,yes,-19.020000000000003
2294,3.0,2020,pl,"A Agriculture, forestry and fishing",no,yes,-6.729999999999999
2295,0.0,2020,pl,G Wholesale and retail trade,yes,yes,-8.88
2296,0.0,2020,pl,H Transportation and storage,no,yes,-10.850000000000001
2297,0.0,2020,pl,G Wholesale and retail trade,no,yes,-7.370000000000001
2298,0.0,2020,pl,F Construction,no,yes,-14.2
2299,0.0,2020,pl,C Manufacturing,no,yes,-13.700000000000001
2300,0.0,2020,pl,G Wholesale and retail trade,no,yes,-5.870000000000001
2301,0.0,2020,en,None,no,yes,14.0
2302,0.0,2020,pl,H Transportation and storage,no,yes,-13.100000000000001
2303,0.0,2020,en,None,yes,yes,14.0
2304,0.0,2020,pl,C Manufacturing,no,yes,-14.3
2305,0.0,2020,pl,F Construction,no,yes,-13.7
2306,0.0,2020,pl,C Manufacturing,no,yes,-15.3
2307,0.0,2020,pl,None,no,yes,12.0
2308,0.0,2020,pl,H Transportation and storage,no,yes,-10.350000000000001
2309,0.0,2020,pl,C Manufacturing,no,yes,-15.3
2310,0.0,2020,pl,None,no,yes,11.6
2311,0.0,2019,pl,None,no,yes,10.5
2312,3.0,2019,pl,C Manufacturing,no,yes,-12.499999999999998
2313,0.0,2019,pl,C Manufacturing,no,yes,-12.799999999999999
2314,0.0,2019,pl,G Wholesale and retail trade,yes,yes,-7.040000000000001
2315,0.0,2019,pl,None,no,yes,14.0
2316,0.0,2019,en,C Manufacturing,yes,yes,19.6
2317,0.0,2019,pl,H Transportation and storage,no,yes,-12.41
2318,0.0,2019,en,F Construction,yes,yes,-11.579999999999998
2319,0.0,2019,pl,C Manufacturing,no,yes,-10.399999999999999
2320,0.0,2019,pl,F Construction,no,yes,-12.579999999999998
2321,0.0,2019,pl,G Wholesale and retail trade,no,yes,-5.390000000000001
2322,5.0,2019,pl,S Other service activities,no,yes,-10.77
2323,0.0,2019,pl,H Transportation and storage,no,yes,-8.66
2324,0.0,2019,pl,C Manufacturing,no,yes,-13.399999999999999
2325,0.0,2019,pl,S Other service activities,no,yes,-10.77
2326,0.0,2019,pl,F Construction,no,yes,-11.579999999999998
2327,0.0,2019,pl,M Other specialised business services,no,yes,-18.51
2328,0.0,2019,pl,F Construction,no,yes,-10.329999999999998
2329,0.0,2019,pl,C Manufacturing,no,yes,-12.399999999999999
2330,0.0,2019,pl,None,no,yes,12.26
2331,0.0,2019,pl,None,no,yes,12.47
2332,0.0,2019,pl,F Construction,no,yes,-13.519999999999998
2333,0.0,2019,pl,G Wholesale and retail trade,no,yes,-5.890000000000001
2334,1.0,2021,ro,None,yes,yes,53.0
2335,4.0,2021,ro,G Wholesale and retail trade,yes,yes,15.129999999999999
2336,5.0,2020,ro,G Wholesale and retail trade,yes,yes,37.129999999999995
2337,1.0,2020,ro,F Construction,yes,yes,32.3
2338,4.0,2019,en,G Wholesale and retail trade,yes,yes,-7.390000000000001
2339,4.0,2019,en,F Construction,yes,yes,9.920000000000002
2340,5.0,2019,ro,F Construction,yes,yes,9.920000000000002
2341,3.0,2021,en,C Manufacturing,no,yes,-20.3
2342,5.0,2021,en,None,no,yes,35.0
2343,5.0,2021,en,None,no,yes,35.0
2344,5.0,2021,en,C Manufacturing,no,yes,-13.49
2345,6.0,2021,en,G Wholesale and retail trade,yes,yes,17.13
2346,4.0,2021,en,H Transportation and storage,yes,yes,11.8
2347,5.0,2021,en,G Wholesale and retail trade,no,yes,15.129999999999999
2348,0.0,2021,en,C Manufacturing,yes,yes,-12.175
2349,5.0,2021,en,H Transportation and storage,yes,yes,44.0
2350,5.0,2021,en,H Transportation and storage,yes,yes,35.0
2351,4.0,2021,en,G Wholesale and retail trade,yes,yes,-12.370000000000001
2352,5.0,2021,en,C Manufacturing,no,yes,-9.05
2353,5.0,2021,en,I Accommodation and food serving,no,yes,-4.460000000000001
2354,4.0,2021,en,H Transportation and storage,no,yes,3.75
2355,5.0,2021,en,F Construction,yes,yes,-5.949999999999999
2356,5.0,2021,en,H Transportation and storage,yes,yes,18.75
2357,0.0,2021,en,C Manufacturing,no,yes,24.7
2358,4.0,2021,en,"A Agriculture, forestry and fishing",yes,yes,-14.907499999999999
2359,5.0,2021,en,G Wholesale and retail trade,yes,yes,-17.0575
2360,5.0,2021,en,F Construction,yes,yes,-10.95
2361,5.0,2021,en,None,no,yes,35.0
2362,6.0,2021,en,C Manufacturing,yes,yes,-7.800000000000001
2363,5.0,2021,en,None,yes,yes,35.0
2364,4.0,2021,en,C Manufacturing,no,yes,-22.3
2365,5.0,2021,en,"A Agriculture, forestry and fishing",yes,yes,17.28
2366,4.0,2021,en,F Construction,no,yes,19.3
2367,5.0,2021,en,H Transportation and storage,yes,yes,35.0
2368,5.0,2021,en,F Construction,yes,yes,-7.199999999999999
2369,5.0,2021,en,C Manufacturing,yes,yes,9.7
2370,5.0,2021,en,F Construction,yes,yes,10.3
2371,4.0,2021,en,C Manufacturing,no,yes,-22.3
2372,5.0,2021,en,F Construction,yes,yes,-7.199999999999999
2373,4.0,2021,en,S Other service activities,yes,yes,-7.710000000000001
2374,5.0,2021,en,F Construction,no,yes,-7.199999999999999
2375,5.0,2021,en,"A Agriculture, forestry and fishing",yes,yes,-5.219999999999999
2376,6.0,2021,en,None,no,yes,11.5
2377,5.0,2021,en,M Other specialised business services,no,yes,14.04
2378,5.0,2021,en,I Accommodation and food serving,no,yes,2.539999999999999
2379,4.0,2021,nl,G Wholesale and retail trade,no,yes,0.025953757225433804
2380,5.0,2021,en,F Construction,yes,yes,28.3
2381,5.0,2021,en,F Construction,yes,yes,19.3
2382,5.0,2021,en,H Transportation and storage,yes,yes,10.62
2383,5.0,2021,pt,G Wholesale and retail trade,yes,yes,15.129999999999999
2384,6.0,2021,en,,no,yes,12.39
2385,7.0,2021,en,M Other specialised business services,yes,yes,-18.62
2386,4.0,2021,en,G Wholesale and retail trade,yes,yes,15.129999999999999
2387,5.0,2021,en,G Wholesale and retail trade,yes,yes,-7.370000000000001
2388,5.0,2021,en,F Construction,yes,yes,28.3
2389,5.0,2021,en,None,no,yes,12.8
2390,5.0,2021,en,H Transportation and storage,yes,yes,35.0
2391,5.0,2021,en,F Construction,yes,yes,28.3
2392,0.0,2021,en,H Transportation and storage,no,yes,11.0
2393,4.0,2021,en,C Manufacturing,no,yes,-20.3
2394,4.0,2021,en,None,yes,yes,11.0
2395,4.0,2021,en,C Manufacturing,yes,yes,-22.3
2396,6.0,2021,en,G Wholesale and retail trade,yes,yes,-6.120000000000001
2397,5.0,2021,en,I Accommodation and food serving,no,yes,-2.860000000000001
2398,5.0,2021,en,F Construction,yes,yes,28.3
2399,5.0,2021,en,"A Agriculture, forestry and fishing",yes,yes,-2.6910982658959544
2400,6.0,2021,en,G Wholesale and retail trade,no,yes,-7.49
2401,3.0,2021,pl,C Manufacturing,yes,yes,-12.3
2402,5.0,2021,en,F Construction,yes,yes,10.3
2403,4.0,2021,en,"A Agriculture, forestry and fishing",yes,yes,17.28
2404,5.0,2021,en,C Manufacturing,yes,yes,27.7
2405,6.0,2021,en,H Transportation and storage,yes,yes,5.780346820809249
2406,5.0,2021,en,F Construction,yes,yes,19.3
2407,5.0,2021,en,F Construction,yes,yes,28.3
2408,5.0,2021,en,F Construction,yes,yes,28.3
2409,6.0,2021,en,S Other service activities,yes,yes,-7.710000000000001
2410,5.0,2021,en,H Transportation and storage,no,yes,35.0
2411,5.0,2021,en,None,no,yes,17.341040462427745
2412,5.0,2021,en,F Construction,yes,yes,10.3
2413,0.0,2021,pl,C Manufacturing,yes,yes,-10.3
2414,4.0,2021,en,H Transportation and storage,no,yes,8.670520231213873
2415,4.0,2021,en,G Wholesale and retail trade,yes,yes,-8.21
2416,5.0,2021,en,F Construction,yes,yes,10.3
2417,5.0,2021,en,C Manufacturing,yes,yes,9.7
2418,5.0,2021,en,G Wholesale and retail trade,yes,yes,24.13
2419,5.0,2021,en,C Manufacturing,yes,yes,9.7
2420,5.0,2021,en,F Construction,yes,yes,10.3
2421,5.0,2021,en,H Transportation and storage,yes,yes,35.0
2422,5.0,2021,en,C Manufacturing,yes,yes,9.7
2423,4.0,2021,en,C Manufacturing,yes,yes,9.7
2424,0.0,2021,pl,F Construction,yes,yes,0.3000000000000007
2425,7.0,2021,en,C Manufacturing,yes,yes,9.7
2426,5.0,2021,en,G Wholesale and retail trade,no,yes,15.129999999999999
2427,4.0,2021,en,G Wholesale and retail trade,yes,yes,-8.620000000000001
2428,4.0,2021,en,C Manufacturing,no,yes,-10.8
2429,5.0,2021,en,F Construction,no,yes,-7.199999999999999
2430,7.0,2015,nl,H Transportation and storage,no,yes,-3.0199999999999996
2431,7.0,2015,nl,H Transportation and storage,no,yes,-3.0199999999999996
2432,7.0,2015,nl,H Transportation and storage,no,yes,-3.0199999999999996
2433,5.0,2019,pl,C Manufacturing,yes,yes,-13.469999999999999
2434,0.0,2019,pl,C Manufacturing,yes,yes,-8.399999999999999
2435,5.0,2019,pl,C Manufacturing,yes,yes,-11.399999999999999
2436,5.0,2020,en,C Manufacturing,yes,yes,12.7
2437,5.0,2019,ro,G Wholesale and retail trade,yes,yes,14.61
2438,5.0,2020,en,C Manufacturing,no,yes,-13.72
2439,6.0,2020,nl,C Manufacturing,no,yes,-13.21
2440,5.0,2020,en,H Transportation and storage,no,yes,-10.870000000000001
2441,5.0,2019,en,C Manufacturing,yes,yes,-12.139999999999999
2442,7.0,2019,en,G Wholesale and retail trade,yes,yes,-8.610000000000001
2443,5.0,2019,en,C Manufacturing,yes,yes,-14.399999999999999
2444,5.0,2019,en,None,yes,yes,12.67
2445,5.0,2019,en,H Transportation and storage,yes,yes,-9.49
2446,4.0,2019,en,M Other specialised business services,yes,yes,-18.0
2447,5.0,2018,en,C Manufacturing,yes,yes,-21.3
2448,5.0,2018,en,C Manufacturing,yes,yes,-11.540000000000001
2449,5.0,2018,en,C Manufacturing,yes,yes,9.2
2450,5.0,2018,en,H Transportation and storage,yes,yes,-9.410000000000002
2451,5.0,2018,en,C Manufacturing,yes,yes,-11.13
2452,5.0,2018,en,G Wholesale and retail trade,yes,yes,-7.32
2453,5.0,2018,en,"A Agriculture, forestry and fishing",yes,yes,25.36
2454,6.0,2018,en,"A Agriculture, forestry and fishing",yes,yes,25.36
2455,6.0,2018,en,"A Agriculture, forestry and fishing",yes,yes,-3.8200000000000003
2456,6.0,2018,en,H Transportation and storage,yes,yes,-9.96
2457,5.0,2018,en,G Wholesale and retail trade,yes,yes,-8.190000000000001
2458,6.0,2018,en,C Manufacturing,yes,yes,-10.850000000000001
2459,3.0,2018,en,"A Agriculture, forestry and fishing",yes,yes,-3.9700000000000006
2460,5.0,2018,en,G Wholesale and retail trade,yes,yes,-7.9300000000000015
2461,5.0,2018,en,C Manufacturing,yes,yes,18.2
2462,5.0,2018,en,C Manufacturing,yes,yes,-13.57
2463,6.0,2018,en,C Manufacturing,yes,yes,-13.15
2464,5.0,2018,en,None,yes,yes,10.51
2465,5.0,2018,en,"A Agriculture, forestry and fishing",yes,yes,-3.630000000000001
2466,5.0,2018,en,C Manufacturing,yes,yes,-13.09
2467,5.0,2018,en,"A Agriculture, forestry and fishing",yes,yes,-6.59
2468,5.0,2018,en,I Accommodation and food serving,yes,yes,-3.3100000000000005
2469,5.0,2018,en,C Manufacturing,no,yes,-12.450000000000001
2470,5.0,2017,en,C Manufacturing,yes,yes,-3.2300000000000004
2471,5.0,2017,en,H Transportation and storage,yes,yes,-11.29
2472,6.0,2017,en,"A Agriculture, forestry and fishing",yes,yes,16.82
2473,4.0,2017,nl,H Transportation and storage,yes,yes,-8.7
2474,1.0,2017,nl,S Other service activities,yes,yes,-9.850000000000001
2475,7.0,2016,nl,C Manufacturing,yes,yes,-11.969999999999999
2476,6.0,2016,nl,C Manufacturing,yes,yes,19.17
2477,6.0,2016,nl,C Manufacturing,yes,yes,-12.049999999999999
2478,6.0,2016,pl,None,yes,yes,33.0
2479,6.0,2016,pl,C Manufacturing,yes,yes,-11.869999999999997
2480,6.0,2016,nl,C Manufacturing,yes,yes,-11.129999999999999
2481,5.0,2016,nl,H Transportation and storage,yes,yes,-8.969999999999999
2482,5.0,2021,ro,None,yes,yes,53.0
2483,5.0,2021,ro,G Wholesale and retail trade,yes,yes,33.129999999999995
2484,5.0,2021,ro,G Wholesale and retail trade,yes,yes,33.129999999999995
2485,5.0,2021,ro,M Other specialised business services,yes,yes,23.04
2486,5.0,2021,ro,G Wholesale and retail trade,yes,yes,33.129999999999995
2487,5.0,2021,ro,M Other specialised business services,yes,yes,23.04
2488,5.0,2021,ro,G Wholesale and retail trade,yes,yes,15.129999999999999
2489,5.0,2021,ro,G Wholesale and retail trade,yes,yes,24.13
2490,5.0,2021,ro,F Construction,yes,yes,28.3
2491,5.0,2021,en,F Construction,no,yes,28.3
2492,5.0,2021,en,H Transportation and storage,yes,yes,53.0
2493,5.0,2021,en,F Construction,yes,yes,10.3
2494,5.0,2021,en,H Transportation and storage,yes,yes,35.0
2495,5.0,2021,en,H Transportation and storage,yes,yes,53.0
2496,5.0,2021,en,F Construction,yes,yes,28.3
2497,5.0,2021,en,H Transportation and storage,yes,yes,53.0
2498,5.0,2021,en,F Construction,yes,yes,28.3
2499,5.0,2021,en,H Transportation and storage,yes,yes,35.0
2500,5.0,2021,ro,F Construction,yes,yes,10.3
2501,6.0,2021,en,F Construction,yes,yes,5.300000000000001
2502,5.0,2021,en,F Construction,yes,yes,28.3
2503,5.0,2021,en,F Construction,yes,yes,28.3
2504,5.0,2021,en,F Construction,yes,yes,28.3
2505,6.0,2021,en,C Manufacturing,yes,yes,-10.34
2506,5.0,2021,en,H Transportation and storage,yes,yes,53.0
2507,5.0,2021,en,F Construction,yes,yes,10.3
2508,5.0,2020,ro,G Wholesale and retail trade,yes,yes,37.129999999999995
2509,5.0,2020,ro,G Wholesale and retail trade,no,yes,37.129999999999995
2510,4.0,2020,en,G Wholesale and retail trade,yes,yes,37.129999999999995
2511,4.0,2020,en,H Transportation and storage,yes,yes,34.15
2512,4.0,2020,en,F Construction,yes,yes,17.3
2513,5.0,2020,ro,H Transportation and storage,yes,yes,34.15
2514,4.0,2020,ro,"A Agriculture, forestry and fishing",yes,yes,24.28
2515,5.0,2020,ro,C Manufacturing,yes,yes,31.7
2516,5.0,2020,en,G Wholesale and retail trade,yes,yes,37.129999999999995
2517,5.0,2020,en,F Construction,yes,yes,-11.7
2518,5.0,2020,en,C Manufacturing,yes,yes,-15.55
2519,5.0,2020,ro,F Construction,yes,yes,32.3
2520,4.0,2020,en,F Construction,yes,yes,-10.95
2521,4.0,2020,en,G Wholesale and retail trade,yes,yes,37.129999999999995
2522,4.0,2020,en,F Construction,yes,yes,17.3
2523,6.0,2020,en,M Other specialised business services,yes,yes,-16.21
2524,5.0,2020,ro,None,yes,yes,9.75
2525,5.0,2020,en,F Construction,yes,yes,32.3
2526,6.0,2020,nl,G Wholesale and retail trade,yes,yes,-2.5289595375722556
2527,5.0,2020,en,H Transportation and storage,yes,yes,34.15
2528,5.0,2020,ro,F Construction,yes,yes,-13.45
2529,5.0,2020,en,C Manufacturing,yes,yes,-12.8
2530,4.0,2020,en,G Wholesale and retail trade,yes,yes,37.129999999999995
2531,5.0,2020,ro,C Manufacturing,yes,yes,23.7
2532,5.0,2020,ro,F Construction,yes,yes,32.3
2533,5.0,2020,ro,G Wholesale and retail trade,yes,yes,37.129999999999995
2534,0.0,2020,ro,F Construction,yes,yes,32.3
2535,5.0,2020,ro,None,yes,yes,42.0
2536,5.0,2020,ro,F Construction,yes,yes,17.3
2537,0.0,2020,ro,F Construction,yes,yes,32.3
2538,0.0,2020,ro,G Wholesale and retail trade,yes,yes,37.129999999999995
2539,5.0,2020,ro,G Wholesale and retail trade,yes,yes,-6.120000000000001
2540,5.0,2020,ro,G Wholesale and retail trade,yes,yes,22.13
2541,5.0,2020,ro,G Wholesale and retail trade,yes,yes,37.129999999999995
2542,5.0,2020,ro,G Wholesale and retail trade,yes,yes,29.13
2543,5.0,2020,ro,C Manufacturing,yes,yes,-11.55
2544,5.0,2020,ro,G Wholesale and retail trade,yes,yes,22.13
2545,0.0,2020,ro,C Manufacturing,yes,yes,23.7
2546,5.0,2020,ro,F Construction,yes,yes,17.3
2547,5.0,2020,ro,F Construction,yes,yes,17.3
2548,5.0,2020,ro,G Wholesale and retail trade,yes,yes,37.129999999999995
2549,0.0,2020,ro,G Wholesale and retail trade,yes,yes,37.129999999999995
2550,5.0,2020,ro,G Wholesale and retail trade,yes,yes,37.129999999999995
2551,0.0,2020,ro,G Wholesale and retail trade,yes,yes,37.129999999999995
2552,5.0,2020,ro,C Manufacturing,yes,yes,31.7
2553,5.0,2020,ro,F Construction,yes,yes,17.3
2554,5.0,2020,ro,G Wholesale and retail trade,yes,yes,22.13
2555,5.0,2020,ro,F Construction,yes,yes,32.3
2556,5.0,2020,ro,G Wholesale and retail trade,yes,yes,22.13
2557,5.0,2020,ro,C Manufacturing,yes,yes,23.7
2558,5.0,2020,ro,F Construction,yes,yes,32.3
2559,5.0,2019,ro,M Other specialised business services,yes,yes,4.809999999999999
2560,0.0,2019,ro,None,yes,yes,52.0
2561,0.0,2020,pl,G Wholesale and retail trade,no,yes,-9.430000000000001
2562,0.0,2020,pl,C Manufacturing,yes,yes,-10.99942196531792
2563,4.0,2020,nl,F Construction,no,yes,-13.02
2564,0.0,2020,pl,"A Agriculture, forestry and fishing",yes,yes,-6.039999999999999
2565,0.0,2019,en,C Manufacturing,yes,yes,-12.399999999999999
2566,0.0,2019,pl,C Manufacturing,yes,yes,-12.399999999999999
2567,5.0,2019,pl,H Transportation and storage,yes,yes,-12.16
2568,3.0,2019,pl,C Manufacturing,yes,yes,-13.269999999999998
2569,0.0,2019,pl,C Manufacturing,yes,yes,-10.399999999999999
2570,5.0,2019,en,C Manufacturing,yes,yes,-10.009999999999998
2571,0.0,2019,pl,G Wholesale and retail trade,yes,yes,-9.64
2572,5.0,2019,pl,C Manufacturing,yes,yes,-10.009999999999998
2573,6.0,2019,pl,"A Agriculture, forestry and fishing",yes,yes,-7.07
2574,5.0,2019,pl,C Manufacturing,yes,yes,-12.399999999999999
2575,5.0,2019,pl,C Manufacturing,yes,yes,-13.219999999999999
2576,0.0,2019,en,H Transportation and storage,yes,yes,-12.16
2577,5.0,2019,en,F Construction,yes,yes,-12.079999999999998
2578,5.0,2019,pl,F Construction,yes,yes,-7.93
2579,5.0,2018,pl,C Manufacturing,yes,yes,-12.8
2580,0.0,2018,en,F Construction,yes,yes,-12.430000000000001
2581,0.0,2018,pl,C Manufacturing,yes,yes,-13.58
2582,0.0,2018,en,C Manufacturing,yes,yes,-12.8
2583,0.0,2018,pl,H Transportation and storage,yes,yes,-10.670000000000002
2584,5.0,2018,pl,C Manufacturing,yes,yes,-13.47
2585,5.0,2018,en,"A Agriculture, forestry and fishing",yes,yes,-5.640000000000001
2586,0.0,2018,pl,F Construction,yes,yes,-12.080000000000002
2587,0.0,2018,en,G Wholesale and retail trade,yes,yes,-4.550000000000001
2588,0.0,2018,pl,H Transportation and storage,yes,yes,-11.980000000000002
2589,0.0,2018,pl,M Other specialised business services,yes,yes,-18.53
2590,5.0,2018,en,"A Agriculture, forestry and fishing",yes,yes,-6.640000000000001
2591,0.0,2018,pl,H Transportation and storage,yes,yes,-7.9300000000000015
2592,0.0,2018,en,C Manufacturing,yes,yes,-12.8
2593,0.0,2018,pl,G Wholesale and retail trade,yes,yes,-5.210000000000001
2594,0.0,2017,pl,G Wholesale and retail trade,yes,yes,-4.870000000000001
2595,5.0,2017,en,C Manufacturing,yes,yes,-13.190000000000001
2596,5.0,2021,pl,G Wholesale and retail trade,yes,yes,-5.4300000000000015
2597,5.0,2021,pl,C Manufacturing,yes,yes,9.7
2598,5.0,2021,pl,G Wholesale and retail trade,yes,yes,-9.73
2599,3.0,2021,pl,C Manufacturing,no,yes,-10.55
2600,1.0,2021,pl,H Transportation and storage,yes,yes,10.75
2601,3.0,2021,pl,H Transportation and storage,yes,yes,13.7
2602,5.0,2021,pl,C Manufacturing,yes,yes,-12.780000000000001
2603,3.0,2021,pl,C Manufacturing,yes,yes,-13.680000000000001
2604,5.0,2021,pl,G Wholesale and retail trade,yes,yes,-4.370000000000001
2605,3.0,2021,pl,H Transportation and storage,yes,yes,15.5
2606,5.0,2021,pl,C Manufacturing,yes,yes,-9.8
2607,3.0,2021,pl,C Manufacturing,yes,yes,-9.8
2608,3.0,2021,pl,C Manufacturing,no,yes,-10.55
2609,5.0,2021,pl,C Manufacturing,yes,yes,-15.34
2610,5.0,2021,pl,C Manufacturing,yes,yes,-22.3
2611,5.0,2021,pl,C Manufacturing,yes,yes,-22.3
2612,5.0,2021,pl,C Manufacturing,yes,yes,-22.3
2613,5.0,2021,pl,C Manufacturing,yes,yes,-19.3
2614,5.0,2021,pl,None,yes,yes,10.24
2615,5.0,2021,pl,C Manufacturing,no,yes,-10.600000000000001
2616,0.0,2021,pl,F Construction,yes,yes,-10.0
2617,0.0,2021,pl,C Manufacturing,yes,yes,-10.600000000000001
2618,5.0,2021,pl,C Manufacturing,yes,yes,-12.49
2619,4.0,2021,pl,H Transportation and storage,yes,yes,35.0
2620,3.0,2021,pl,H Transportation and storage,yes,yes,13.22
2621,5.0,2020,pl,C Manufacturing,yes,yes,-19.3
2622,5.0,2020,pl,S Other service activities,yes,yes,-12.21
2623,5.0,2020,pl,F Construction,yes,yes,-14.069999999999999
2624,3.0,2020,pl,H Transportation and storage,yes,yes,-12.080000000000002
2625,4.0,2020,pl,G Wholesale and retail trade,yes,yes,-9.100000000000001
2626,3.0,2020,pl,,yes,yes,10.2
2627,5.0,2020,pl,C Manufacturing,yes,yes,-14.8
2628,5.0,2020,pl,H Transportation and storage,yes,yes,-12.650000000000002
2629,0.0,2020,pl,M Other specialised business services,yes,yes,-19.28
2630,1.0,2020,pl,H Transportation and storage,yes,yes,19.15
2631,1.0,2020,pl,H Transportation and storage,yes,yes,-12.170000000000002
2632,5.0,2020,pl,M Other specialised business services,yes,yes,-19.28
2633,5.0,2020,pl,H Transportation and storage,yes,yes,-12.170000000000002
2634,3.0,2020,pl,M Other specialised business services,yes,yes,-19.28
2635,5.0,2020,pl,G Wholesale and retail trade,yes,yes,22.13
2636,1.0,2020,pl,M Other specialised business services,yes,yes,-19.28
2637,3.0,2020,pl,H Transportation and storage,yes,yes,-11.990000000000002
2638,0.0,2020,pl,G Wholesale and retail trade,yes,yes,-7.350000000000001
2639,5.0,2020,pl,C Manufacturing,yes,yes,-14.65
2640,3.0,2020,pl,H Transportation and storage,yes,yes,-10.250000000000002
2641,5.0,2020,pl,C Manufacturing,yes,yes,-14.8
2642,5.0,2020,pl,C Manufacturing,yes,yes,-14.8
2643,5.0,2020,pl,C Manufacturing,yes,yes,-13.930000000000001
2644,0.0,2020,pl,C Manufacturing,yes,yes,-10.600000000000001
2645,5.0,2020,pl,C Manufacturing,yes,yes,-14.65
2646,5.0,2020,pl,G Wholesale and retail trade,yes,yes,-9.22
2647,5.0,2020,pl,M Other specialised business services,yes,yes,27.04
2648,0.0,2020,pl,G Wholesale and retail trade,yes,yes,-9.190000000000001
2649,5.0,2020,pl,G Wholesale and retail trade,yes,yes,-8.540000000000001
2650,3.0,2020,pl,H Transportation and storage,yes,yes,-12.170000000000002
2651,5.0,2020,pl,G Wholesale and retail trade,yes,yes,-9.73
2652,0.0,2020,pl,C Manufacturing,yes,yes,-14.620000000000001
2653,3.0,2020,pl,C Manufacturing,yes,yes,16.7
2654,3.0,2020,pl,H Transportation and storage,yes,yes,-10.850000000000001
2655,3.0,2020,pl,H Transportation and storage,yes,yes,-10.850000000000001
2656,0.0,2020,pl,C Manufacturing,no,yes,-14.620000000000001
2657,3.0,2020,pl,M Other specialised business services,yes,yes,-19.28
2658,5.0,2020,pl,G Wholesale and retail trade,yes,yes,-9.23
2659,5.0,2019,pl,C Manufacturing,yes,yes,9.600000000000001
2660,5.0,2019,pl,F Construction,yes,yes,9.920000000000002
2661,1.0,2019,pl,C Manufacturing,yes,yes,-14.459999999999999
2662,5.0,2019,pl,F Construction,yes,yes,-12.679999999999998
2663,5.0,2019,pl,C Manufacturing,yes,yes,-21.9
2664,0.0,2019,pl,F Construction,yes,yes,9.920000000000002
2665,5.0,2019,pl,H Transportation and storage,yes,yes,-11.96
2666,5.0,2019,pl,F Construction,yes,yes,9.920000000000002
2667,5.0,2019,pl,C Manufacturing,yes,yes,-14.019999999999998
2668,5.0,2019,pl,H Transportation and storage,yes,yes,-10.16
2669,7.0,2019,pl,C Manufacturing,yes,yes,-14.2
2670,7.0,2019,pl,C Manufacturing,yes,yes,-14.019999999999998
2671,5.0,2019,pl,C Manufacturing,yes,yes,-13.909999999999998
2672,5.0,2019,pl,M Other specialised business services,yes,yes,-20.172658959537575
2673,7.0,2019,pl,C Manufacturing,yes,yes,-11.759999999999998
2674,5.0,2019,pl,C Manufacturing,yes,yes,-12.709999999999999
2675,6.0,2019,pl,G Wholesale and retail trade,yes,yes,-8.76
2676,5.0,2019,pl,F Construction,yes,yes,-11.379999999999999
2677,1.0,2019,pl,C Manufacturing,yes,yes,-13.899999999999999
2678,3.0,2019,pl,H Transportation and storage,yes,yes,-11.36
2679,5.0,2019,pl,C Manufacturing,yes,yes,-12.399999999999999
2680,2.0,2019,pl,C Manufacturing,yes,yes,-14.399999999999999
2681,5.0,2019,pl,"A Agriculture, forestry and fishing",yes,yes,-2.99
2682,3.0,2019,pl,C Manufacturing,yes,yes,-14.399999999999999
2683,6.0,2019,pl,C Manufacturing,yes,yes,-13.29
2684,6.0,2019,pl,C Manufacturing,yes,yes,-13.29
2685,4.0,2019,pl,C Manufacturing,yes,yes,-14.019999999999998
2686,3.0,2019,pl,G Wholesale and retail trade,yes,yes,-8.280000000000001
2687,4.0,2019,pl,C Manufacturing,yes,yes,-14.019999999999998
2688,5.0,2019,pl,C Manufacturing,yes,yes,-6.02
2689,7.0,2018,pl,M Other specialised business services,yes,yes,-19.22
2690,3.0,2018,pl,C Manufacturing,yes,yes,-13.620000000000001
2691,0.0,2018,pl,C Manufacturing,yes,yes,-13.8
2692,6.0,2018,pl,M Other specialised business services,yes,yes,-18.560000000000002
2693,3.0,2018,pl,S Other service activities,yes,yes,-10.33
2694,3.0,2018,pl,G Wholesale and retail trade,yes,yes,-8.030000000000001
2695,1.0,2018,pl,M Other specialised business services,yes,yes,-18.560000000000002
2696,1.0,2018,pl,C Manufacturing,yes,yes,-14.21
2697,4.0,2018,pl,F Construction,yes,yes,-8.690000000000001
2698,1.0,2018,pl,H Transportation and storage,yes,yes,-11.170000000000002
2699,1.0,2018,pl,C Manufacturing,yes,yes,-14.21
2700,5.0,2018,pl,C Manufacturing,yes,yes,-13.3
2701,1.0,2018,pl,C Manufacturing,yes,yes,-13.58
2702,1.0,2018,pl,H Transportation and storage,yes,yes,-11.450000000000001
2703,6.0,2018,pl,C Manufacturing,yes,yes,-8.05
2704,3.0,2018,pl,S Other service activities,yes,yes,-10.33
2705,5.0,2018,pl,M Other specialised business services,yes,yes,-18.29
2706,3.0,2018,pl,G Wholesale and retail trade,yes,yes,-8.750000000000002
2707,5.0,2018,pl,C Manufacturing,yes,yes,-12.83
2708,5.0,2018,pl,C Manufacturing,yes,yes,-8.05
2709,4.0,2018,pl,G Wholesale and retail trade,no,yes,-11.030000000000001
2710,0.0,2018,pl,C Manufacturing,yes,yes,-13.3
2711,5.0,2018,pl,G Wholesale and retail trade,yes,yes,-7.030000000000001
2712,7.0,2018,pl,C Manufacturing,yes,yes,-14.440000000000001
2713,5.0,2018,pl,C Manufacturing,yes,yes,-13.8
2714,5.0,2018,pl,S Other service activities,yes,yes,-9.51
2715,5.0,2021,pl,G Wholesale and retail trade,yes,yes,33.129999999999995
2716,5.0,2021,pl,G Wholesale and retail trade,no,yes,33.129999999999995
2717,5.0,2021,pl,C Manufacturing,yes,yes,27.7
2718,6.0,2020,pl,H Transportation and storage,yes,yes,-3.8500000000000014
2719,5.0,2020,pl,G Wholesale and retail trade,yes,yes,-8.870000000000001
2720,5.0,2020,pl,C Manufacturing,no,yes,-16.55
2721,1.0,2020,pl,None,no,yes,11.16
2722,1.0,2020,pl,None,no,yes,16.0
2723,7.0,2020,pl,"A Agriculture, forestry and fishing",no,yes,-8.719999999999999
2724,5.0,2019,pl,G Wholesale and retail trade,yes,yes,14.61
2725,5.0,2019,pl,C Manufacturing,yes,yes,9.600000000000001
2726,0.0,2019,pl,G Wholesale and retail trade,no,yes,14.61
2727,5.0,2019,pl,G Wholesale and retail trade,yes,yes,14.61
2728,5.0,2019,pl,C Manufacturing,yes,yes,9.600000000000001
2729,5.0,2019,pl,C Manufacturing,yes,yes,9.600000000000001
2730,5.0,2019,pl,H Transportation and storage,no,yes,-9.16
2731,5.0,2019,pl,C Manufacturing,no,yes,9.600000000000001
2732,4.0,2019,pl,C Manufacturing,no,yes,-10.399999999999999
2733,5.0,2019,pl,None,no,yes,34.0
2734,0.0,2019,pl,C Manufacturing,no,yes,9.600000000000001
2735,6.0,2019,pl,G Wholesale and retail trade,no,yes,-5.890000000000001
2736,5.0,2018,pl,F Construction,yes,yes,18.31
2737,5.0,2018,pl,G Wholesale and retail trade,yes,yes,22.97
2738,5.0,2020,en,C Manufacturing,no,yes,-10.84913294797688
2739,6.0,2018,pl,H Transportation and storage,yes,yes,-10.670000000000002
2740,5.0,2018,pl,C Manufacturing,yes,yes,-13.74
2741,5.0,2021,en,C Manufacturing,no,yes,-15.3
2742,5.0,2021,en,C Manufacturing,no,yes,-13.9
2743,5.0,2021,en,H Transportation and storage,no,yes,35.0
2744,5.0,2021,en,C Manufacturing,no,yes,-13.3
2745,5.0,2021,en,H Transportation and storage,no,yes,11.0
2746,5.0,2021,en,H Transportation and storage,yes,yes,11.5
2747,5.0,2021,en,H Transportation and storage,yes,yes,35.0
2748,5.0,2021,en,C Manufacturing,yes,yes,-14.100000000000001
2749,5.0,2021,en,H Transportation and storage,no,yes,11.4
2750,5.0,2021,en,C Manufacturing,yes,yes,-14.3
2751,1.0,2021,en,M Other specialised business services,no,yes,-19.96
2752,5.0,2021,en,H Transportation and storage,no,yes,12.0
2753,5.0,2021,en,H Transportation and storage,yes,yes,11.0
2754,5.0,2021,en,C Manufacturing,no,yes,-14.3
2755,5.0,2021,en,H Transportation and storage,no,yes,12.0
2756,5.0,2021,en,C Manufacturing,no,yes,-7.300000000000001
2757,5.0,2021,en,H Transportation and storage,yes,yes,12.0
2758,5.0,2021,en,G Wholesale and retail trade,yes,yes,-8.870000000000001
2759,5.0,2021,en,C Manufacturing,no,yes,-12.9
2760,5.0,2021,en,C Manufacturing,no,yes,-14.100000000000001
2761,5.0,2021,en,H Transportation and storage,no,yes,15.0
2762,5.0,2021,en,H Transportation and storage,no,yes,11.2
2763,5.0,2021,en,H Transportation and storage,no,yes,20.0
2764,5.0,2021,en,C Manufacturing,no,yes,9.7
2765,5.0,2021,en,H Transportation and storage,no,yes,15.0
2766,4.0,2021,en,,no,yes,10.91
2767,0.0,2021,en,G Wholesale and retail trade,no,yes,-6.0600000000000005
2768,5.0,2021,en,H Transportation and storage,yes,yes,14.04
2769,5.0,2021,en,C Manufacturing,no,yes,-13.3
2770,5.0,2021,en,C Manufacturing,no,yes,-15.3
2771,5.0,2021,en,F Construction,yes,yes,-7.699999999999999
2772,5.0,2021,en,H Transportation and storage,no,yes,18.0
2773,5.0,2020,en,H Transportation and storage,no,yes,-10.850000000000001
2774,5.0,2020,en,G Wholesale and retail trade,yes,yes,-8.47
2775,5.0,2020,en,C Manufacturing,yes,yes,-20.3
2776,5.0,2020,lt,C Manufacturing,yes,yes,31.7
2777,0.0,2020,en,C Manufacturing,no,yes,-14.3
2778,5.0,2020,en,H Transportation and storage,yes,yes,-2.8500000000000014
2779,5.0,2020,en,C Manufacturing,yes,yes,-5.300000000000001
2780,5.0,2020,en,H Transportation and storage,yes,yes,-2.8500000000000014
2781,6.0,2020,en,C Manufacturing,yes,yes,-5.300000000000001
2782,6.0,2020,en,H Transportation and storage,yes,yes,-11.850000000000001
2783,6.0,2020,en,H Transportation and storage,yes,yes,-2.8500000000000014
2784,0.0,2020,en,H Transportation and storage,yes,yes,-2.8500000000000014
2785,5.0,2020,en,C Manufacturing,yes,yes,-5.300000000000001
2786,6.0,2020,lt,C Manufacturing,yes,yes,31.7
2787,6.0,2020,en,C Manufacturing,yes,yes,-14.100000000000001
2788,5.0,2020,en,C Manufacturing,yes,yes,-5.300000000000001
2789,5.0,2020,en,C Manufacturing,no,yes,-14.3
2790,6.0,2020,en,C Manufacturing,yes,yes,-14.100000000000001
2791,2.0,2020,en,C Manufacturing,yes,yes,-14.100000000000001
2792,5.0,2020,en,H Transportation and storage,yes,yes,-2.8500000000000014
2793,1.0,2020,lt,C Manufacturing,yes,yes,31.7
2794,5.0,2020,en,H Transportation and storage,yes,yes,-2.8500000000000014
2795,6.0,2020,en,C Manufacturing,yes,yes,-14.100000000000001
2796,5.0,2020,en,H Transportation and storage,yes,yes,-11.650000000000002
2797,5.0,2020,en,H Transportation and storage,yes,yes,-11.650000000000002
2798,5.0,2020,en,H Transportation and storage,yes,yes,-2.8500000000000014
2799,6.0,2020,en,C Manufacturing,yes,yes,-14.100000000000001
2800,6.0,2020,lt,H Transportation and storage,no,yes,-9.850000000000001
2801,4.0,2020,en,H Transportation and storage,yes,yes,-11.650000000000002
2802,5.0,2020,en,H Transportation and storage,no,yes,-11.350000000000001
2803,4.0,2020,en,H Transportation and storage,yes,yes,-11.450000000000001
2804,6.0,2020,en,H Transportation and storage,yes,yes,-11.55
2805,7.0,2020,lt,C Manufacturing,no,yes,31.7
2806,6.0,2020,lt,C Manufacturing,yes,yes,31.7
2807,6.0,2020,lt,C Manufacturing,yes,yes,31.7
2808,0.0,2020,lt,C Manufacturing,yes,yes,31.7
2809,0.0,2020,lt,C Manufacturing,yes,yes,31.7
2810,6.0,2020,lt,C Manufacturing,no,yes,31.7
2811,3.0,2020,lt,C Manufacturing,yes,yes,31.7
2812,0.0,2020,lt,G Wholesale and retail trade,yes,yes,37.129999999999995
2813,4.0,2020,lt,C Manufacturing,yes,yes,31.7
2814,3.0,2020,lt,C Manufacturing,yes,yes,31.7
2815,3.0,2020,lt,C Manufacturing,yes,yes,31.7
2816,3.0,2020,lt,C Manufacturing,yes,yes,31.7
2817,5.0,2020,lt,C Manufacturing,no,yes,31.7
2818,6.0,2020,lt,G Wholesale and retail trade,yes,yes,37.129999999999995
2819,1.0,2020,lt,C Manufacturing,yes,yes,31.7
2820,5.0,2020,lt,"A Agriculture, forestry and fishing",no,yes,39.28
2821,1.0,2020,lt,C Manufacturing,no,yes,31.7
2822,5.0,2020,lt,C Manufacturing,no,yes,31.7
2823,5.0,2019,lt,G Wholesale and retail trade,yes,yes,14.61
2824,5.0,2019,lt,C Manufacturing,no,yes,9.600000000000001
2825,5.0,2019,lt,G Wholesale and retail trade,yes,yes,14.61
2826,5.0,2019,lt,"A Agriculture, forestry and fishing",no,yes,16.93
2827,1.0,2019,lt,C Manufacturing,no,yes,9.600000000000001
2828,5.0,2019,lt,C Manufacturing,no,yes,9.600000000000001
2829,5.0,2019,lt,C Manufacturing,no,yes,9.600000000000001
2830,5.0,2019,lt,G Wholesale and retail trade,yes,yes,14.61
2831,1.0,2019,lt,"A Agriculture, forestry and fishing",yes,yes,16.93
2832,3.0,2019,lt,C Manufacturing,yes,yes,9.600000000000001
2833,5.0,2019,lt,C Manufacturing,no,yes,9.600000000000001
2834,6.0,2019,lt,C Manufacturing,yes,yes,9.600000000000001
2835,5.0,2019,lt,G Wholesale and retail trade,yes,yes,14.61
2836,3.0,2019,lt,C Manufacturing,yes,yes,9.600000000000001
2837,5.0,2019,lt,C Manufacturing,no,yes,9.600000000000001
2838,3.0,2019,lt,C Manufacturing,no,yes,9.600000000000001
2839,5.0,2019,lt,G Wholesale and retail trade,yes,yes,14.61
2840,3.0,2019,lt,C Manufacturing,yes,yes,-13.249999999999998
2841,0.0,2019,lt,C Manufacturing,no,yes,9.600000000000001
2842,6.0,2019,lt,C Manufacturing,no,yes,9.600000000000001
2843,0.0,2019,lt,C Manufacturing,yes,yes,9.600000000000001
2844,6.0,2019,lt,C Manufacturing,yes,yes,9.600000000000001
2845,6.0,2019,lt,C Manufacturing,yes,yes,-13.219999999999999
2846,1.0,2019,lt,"A Agriculture, forestry and fishing",yes,yes,16.93
2847,6.0,2019,lt,C Manufacturing,yes,yes,9.600000000000001
2848,6.0,2019,lt,C Manufacturing,no,yes,9.600000000000001
2849,6.0,2019,lt,G Wholesale and retail trade,yes,yes,14.61
2850,6.0,2019,en,H Transportation and storage,yes,yes,-9.06
2851,3.0,2019,lt,C Manufacturing,no,yes,9.600000000000001
2852,0.0,2019,lt,C Manufacturing,yes,yes,9.600000000000001
2853,6.0,2019,lt,G Wholesale and retail trade,yes,yes,14.61
2854,6.0,2019,lt,C Manufacturing,yes,yes,9.600000000000001
2855,6.0,2019,lt,C Manufacturing,no,yes,9.600000000000001
2856,5.0,2019,en,"A Agriculture, forestry and fishing",yes,yes,-4.470000000000001
2857,6.0,2019,lt,C Manufacturing,yes,yes,9.600000000000001
2858,1.0,2019,lt,H Transportation and storage,yes,yes,11.84
2859,1.0,2019,lt,G Wholesale and retail trade,yes,yes,14.61
2860,6.0,2019,lt,C Manufacturing,yes,yes,9.600000000000001
2861,5.0,2019,lt,C Manufacturing,yes,yes,9.600000000000001
2862,1.0,2019,lt,C Manufacturing,yes,yes,27.6
2863,6.0,2019,lt,C Manufacturing,yes,yes,9.600000000000001
2864,0.0,2019,pl,F Construction,yes,yes,-13.479999999999999
2865,0.0,2020,pl,G Wholesale and retail trade,yes,yes,-9.270000000000001
2866,4.0,2017,pl,M Other specialised business services,yes,yes,4.629999999999999
2867,0.0,2020,pl,None,no,yes,11.3
2868,0.0,2019,en,C Manufacturing,yes,yes,-12.899999999999999
2869,5.0,2020,pl,C Manufacturing,yes,yes,-12.850000000000001
2870,0.0,2021,pl,M Other specialised business services,yes,yes,-17.92
2871,5.0,2021,pl,F Construction,yes,yes,-12.059999999999999
2872,0.0,2019,pl,F Construction,yes,yes,-11.079999999999998
